source_page,source_page_url,pdf_url,status,http_status,filename,file_path,file_size_bytes,sha256
filing_supervisory_returns_2024,https://www.rbi.org.in/Scripts/NotificationUser.aspx?Id=12613,https://rbidocs.rbi.org.in/rdocs/content/pdfs/110MD27022024_A1.pdf,DOWNLOADED,200,rbi_6b7a5215284a.pdf,/content/drive/MyDrive/ReguLens/data/raw/rbi/pdfs/rbi_6b7a5215284a.pdf,239137,9ac5f3864dad07708eb78ca28d51d6ede74e758cb5aa5654de8764d2d5164ccb
filing_supervisory_returns_2024,https://www.rbi.org.in/Scripts/NotificationUser.aspx?Id=12613,https://rbidocs.rbi.org.in/rdocs/content/pdfs/110MD27022024_A2.pdf,DOWNLOADED,200,rbi_47aef00b2e56.pdf,/content/drive/MyDrive/ReguLens/data/raw/rbi/pdfs/rbi_47aef00b2e56.pdf,244256,767e7c1a64f38fb658cd0e0b3d57781405f75c2090612075c2dad47730021648
filing_supervisory_returns_2024,https://www.rbi.org.in/Scripts/NotificationUser.aspx?Id=12613,https://rbidocs.rbi.org.in/rdocs/content/pdfs/110MD27022024_A3.pdf,DOWNLOADED,200,rbi_9b44f489e677.pdf,/content/drive/MyDrive/ReguLens/data/raw/rbi/pdfs/rbi_9b44f489e677.pdf,1141479,d21d3e331871b60bfec498d7084eaad75e6a7d3a3c5bdbb171c8783704a87bc8
filing_supervisory_returns_2024,https://www.rbi.org.in/Scripts/NotificationUser.aspx?Id=12613,https://rbidocs.rbi.org.in/rdocs/content/pdfs/110MD27022024_A4.pdf,DOWNLOADED,200,rbi_a9441877973b.pdf,/content/drive/MyDrive/ReguLens/data/raw/rbi/pdfs/rbi_a9441877973b.pdf,245397,c6aacea35b942da2b0a399d549e2013a9bdb1b688e6f0d1e9752a7ea971ccea6
filing_supervisory_returns_2024,https://www.rbi.org.in/Scripts/NotificationUser.aspx?Id=12613,https://rbidocs.rbi.org.in/rdocs/content/pdfs/110MD27022024_A5.pdf,DOWNLOADED,200,rbi_793cf2e6122d.pdf,/content/drive/MyDrive/ReguLens/data/raw/rbi/pdfs/rbi_793cf2e6122d.pdf,170188,13b1f131f0c5790a199b98bd8a35885bb1368a71ea71f103370b311ea0d165b2
filing_supervisory_returns_2024,https://www.rbi.org.in/Scripts/NotificationUser.aspx?Id=12613,https://rbidocs.rbi.org.in/rdocs/content/pdfs/110MD27022024_A6.pdf,DOWNLOADED,200,rbi_0677da26583f.pdf,/content/drive/MyDrive/ReguLens/data/raw/rbi/pdfs/rbi_0677da26583f.pdf,175866,84c64745d2b5806a60c3e1abe089861a692abbeb831902bac4c2766492d580b3
filing_supervisory_returns_2024,https://www.rbi.org.in/Scripts/NotificationUser.aspx?Id=12613,https://rbidocs.rbi.org.in/rdocs/content/pdfs/Accessibility20012026.pdf,DOWNLOADED,200,rbi_830b70fb1f29.pdf,/content/drive/MyDrive/ReguLens/data/raw/rbi/pdfs/rbi_830b70fb1f29.pdf,136958,9abd60ffb806ba2f6f8e9220e6f19fb286b7f0cc750f1507f64abea32a01b4b6
filing_supervisory_returns_2024,https://www.rbi.org.in/Scripts/NotificationUser.aspx?Id=12613,https://rbidocs.rbi.org.in/rdocs/content/pdfs/Utkarsh202910042026.pdf,DOWNLOADED,200,rbi_318a69a1c58c.pdf,/content/drive/MyDrive/ReguLens/data/raw/rbi/pdfs/rbi_318a69a1c58c.pdf,667939,3c61a811cf07930378974dc558d152496327b9c039ae5965dab49bd6ec0b10ab
filing_supervisory_returns_2024,https://www.rbi.org.in/Scripts/NotificationUser.aspx?Id=12613,https://rbidocs.rbi.org.in/rdocs/notification/PDFs/MD11024D1EF9CB39B44ABB23DF586173E0CDE.PDF,DOWNLOADED,200,rbi_ac37b355d045.pdf,/content/drive/MyDrive/ReguLens/data/raw/rbi/pdfs/rbi_ac37b355d045.pdf,8033755,0d57a9390487f746fed9f7397ae206e4fb3be1a93e054168663955c4fa3a264d
kyc_amendment_2025,https://www.rbi.org.in/Scripts/NotificationUser.aspx?Id=12866,https://rbidocs.rbi.org.in/rdocs/notification/PDFs/NT517A41C334FB0A42BC9D58A37DE3793F4E.PDF,DOWNLOADED,200,rbi_057b54ebdb67.pdf,/content/drive/MyDrive/ReguLens/data/raw/rbi/pdfs/rbi_057b54ebdb67.pdf,867880,feccb870209a187c6b4e98062f1af863a287428e08706ce17fe3d59597311242
rbi_master_directions,https://www.rbi.org.in/Scripts/BS_ViewMasterDirections.aspx,https://rbidocs.rbi.org.in/rdocs/notification/PDFs/02MD787706E669D641C090B415DBE22DEE29.PDF,DOWNLOADED,200,rbi_5f4b43f9cb5e.pdf,/content/drive/MyDrive/ReguLens/data/raw/rbi/pdfs/rbi_5f4b43f9cb5e.pdf,331022,9ee139fc05b7a2ce8c64dcb5cae90338ca008ae2a333931d1725df80faae8d94
rbi_master_directions,https://www.rbi.org.in/Scripts/BS_ViewMasterDirections.aspx,https://rbidocs.rbi.org.in/rdocs/notification/PDFs/03MD945692290C104C5595AEDAC89AE78788.PDF,DOWNLOADED,200,rbi_000f2b89455b.pdf,/content/drive/MyDrive/ReguLens/data/raw/rbi/pdfs/rbi_000f2b89455b.pdf,433170,986cd851b1e14de8a31eba2b032da142b12b1c7cd5b2330ba3cc7c0a116183e7
rbi_master_directions,https://www.rbi.org.in/Scripts/BS_ViewMasterDirections.aspx,https://rbidocs.rbi.org.in/rdocs/notification/PDFs/04MD5127742FD0914D54B5EC4ECA8076F325.PDF,DOWNLOADED,200,rbi_73715b7cdced.pdf,/content/drive/MyDrive/ReguLens/data/raw/rbi/pdfs/rbi_73715b7cdced.pdf,512282,e18a207a87e1b637b3ed16d1c95ae8b2c968f11ffbd96e0ab909b8f1c0faede5
rbi_master_directions,https://www.rbi.org.in/Scripts/BS_ViewMasterDirections.aspx,https://rbidocs.rbi.org.in/rdocs/notification/PDFs/05MD56DF4232873F466191DC23F39F1012DD.PDF,DOWNLOADED,200,rbi_322d0f777b5e.pdf,/content/drive/MyDrive/ReguLens/data/raw/rbi/pdfs/rbi_322d0f777b5e.pdf,150409,2515f8cd82ea0f572d68ea87912f1528257d5bcfbdc2b80bbb647f827940bd61
rbi_master_directions,https://www.rbi.org.in/Scripts/BS_ViewMasterDirections.aspx,https://rbidocs.rbi.org.in/rdocs/notification/PDFs/06MDE170516F633150EBCFE438084174F7DECCDC20C.PDF,DOWNLOADED,200,rbi_3d39c4029ff8.pdf,/content/drive/MyDrive/ReguLens/data/raw/rbi/pdfs/rbi_3d39c4029ff8.pdf,324753,d0eeacfcbf8f123de7ba15fa7acd35828cc2cae86a41c1d00d617fbb2c0e4e5d
rbi_master_directions,https://www.rbi.org.in/Scripts/BS_ViewMasterDirections.aspx,https://rbidocs.rbi.org.in/rdocs/notification/PDFs/07MIP0101168C51C4CB845342D09E8A4A613B1F1C6D.PDF,DOWNLOADED,200,rbi_d261835debc3.pdf,/content/drive/MyDrive/ReguLens/data/raw/rbi/pdfs/rbi_d261835debc3.pdf,276116,4421659d82aa603481039bcabead2dcdf10a38c823bb0cf278d9c51cc6ec12ce
rbi_master_directions,https://www.rbi.org.in/Scripts/BS_ViewMasterDirections.aspx,https://rbidocs.rbi.org.in/rdocs/notification/PDFs/08MDROA112016989330DF1FF9494784DAC32B488E6AE4.PDF,DOWNLOADED,200,rbi_1bcf4994d997.pdf,/content/drive/MyDrive/ReguLens/data/raw/rbi/pdfs/rbi_1bcf4994d997.pdf,202192,dc0b20f5e40f4a41970d9f974cac3eab1f15110d7b99d833b281d23da1b7b300
rbi_master_directions,https://www.rbi.org.in/Scripts/BS_ViewMasterDirections.aspx,https://rbidocs.rbi.org.in/rdocs/notification/PDFs/09MDD593B2F2D48648C8AB3D37625C9F245D.PDF,DOWNLOADED,200,rbi_91b1c57dde58.pdf,/content/drive/MyDrive/ReguLens/data/raw/rbi/pdfs/rbi_91b1c57dde58.pdf,561236,3dfd2b44cedecc86b8257ef60c3c25ba78b0444bbab20783f8ccb6db1b280c69
rbi_master_directions,https://www.rbi.org.in/Scripts/BS_ViewMasterDirections.aspx,https://rbidocs.rbi.org.in/rdocs/notification/PDFs/108MDINTERNALOMBUDSMANCC05402F77BE4F229B59877F341386A4.PDF,DOWNLOADED,200,rbi_95fafc8e24c8.pdf,/content/drive/MyDrive/ReguLens/data/raw/rbi/pdfs/rbi_95fafc8e24c8.pdf,387533,239aa233ddf7d8d0095a4da4580a0c530531c63d9c456db8b311ee8ff693788d
rbi_master_directions,https://www.rbi.org.in/Scripts/BS_ViewMasterDirections.aspx,https://rbidocs.rbi.org.in/rdocs/notification/PDFs/109MDCPNCD797F42D139D741169EB58E637B243FF6.PDF,DOWNLOADED,200,rbi_ba0a22e18447.pdf,/content/drive/MyDrive/ReguLens/data/raw/rbi/pdfs/rbi_ba0a22e18447.pdf,371016,284d7197ce02a13c16c22c1bf0ed75834a10a943fdd3a4d912bca8ece6d0f29b
rbi_master_directions,https://www.rbi.org.in/Scripts/BS_ViewMasterDirections.aspx,https://rbidocs.rbi.org.in/rdocs/notification/PDFs/10MD06102016E550559916C346E0BC93720658286729.PDF,DOWNLOADED,200,rbi_1fca629b6da5.pdf,/content/drive/MyDrive/ReguLens/data/raw/rbi/pdfs/rbi_1fca629b6da5.pdf,1304624,f6e1df37bb343a41fb343c9aff0483bb9fd443c6e0dd29ca090c1723d9ad1f9b
rbi_master_directions,https://www.rbi.org.in/Scripts/BS_ViewMasterDirections.aspx,https://rbidocs.rbi.org.in/rdocs/notification/PDFs/111MDONBBPS87BA4103916D4B21AE117F1443020ADB.PDF,DOWNLOADED,200,rbi_9f240ef68077.pdf,/content/drive/MyDrive/ReguLens/data/raw/rbi/pdfs/rbi_9f240ef68077.pdf,370667,86f2b9e94427aede4b0e638d58c39338798d2ce73ebcfe863f8906b0b093b737
rbi_master_directions,https://www.rbi.org.in/Scripts/BS_ViewMasterDirections.aspx,https://rbidocs.rbi.org.in/rdocs/notification/PDFs/117MDRBIOTCDERIVATIVES20245DEA695183554A20B155CE65F58944DD.PDF,DOWNLOADED,200,rbi_3cb66d5e5857.pdf,/content/drive/MyDrive/ReguLens/data/raw/rbi/pdfs/rbi_3cb66d5e5857.pdf,587907,5d7f7f409feb16c5ae34025a8d4b33b7341703c0443d4028009e1b6caa79a23b
rbi_master_directions,https://www.rbi.org.in/Scripts/BS_ViewMasterDirections.aspx,https://rbidocs.rbi.org.in/rdocs/notification/PDFs/11MDEGS1205163428383952204B77831A3A086E82FDDF.PDF,DOWNLOADED,200,rbi_40f735730bd1.pdf,/content/drive/MyDrive/ReguLens/data/raw/rbi/pdfs/rbi_40f735730bd1.pdf,531565,4d46626c7a1ac3ca61e514bfca59de2058eb9de466d82e0fd1a9141b7c621cac
rbi_master_directions,https://www.rbi.org.in/Scripts/BS_ViewMasterDirections.aspx,https://rbidocs.rbi.org.in/rdocs/notification/PDFs/121MDOI2507202427D16C96B42C4E0B849FFD9732752B68.PDF,DOWNLOADED,200,rbi_767af85a5398.pdf,/content/drive/MyDrive/ReguLens/data/raw/rbi/pdfs/rbi_767af85a5398.pdf,366708,c33590dfc274497d4122584e55e859e6eb93ca6e91b21ac70a2469b06989d437
rbi_master_directions,https://www.rbi.org.in/Scripts/BS_ViewMasterDirections.aspx,https://rbidocs.rbi.org.in/rdocs/notification/PDFs/128MD66C4DDCB167C4DC9A5BD913570CB3D47.PDF,DOWNLOADED,200,rbi_a8d0f9a98495.pdf,/content/drive/MyDrive/ReguLens/data/raw/rbi/pdfs/rbi_a8d0f9a98495.pdf,837367,504ee809b4ca9d0a123d5316afe8c1ee1fdeafe8d5779ec2734f0b6617b39689
rbi_master_directions,https://www.rbi.org.in/Scripts/BS_ViewMasterDirections.aspx,https://rbidocs.rbi.org.in/rdocs/notification/PDFs/12MDFB8AD1B34BCB4D0A8F6869DA4A53082E.PDF,DOWNLOADED,200,rbi_b6419af980a5.pdf,/content/drive/MyDrive/ReguLens/data/raw/rbi/pdfs/rbi_b6419af980a5.pdf,498359,5f4b10def6fea7e98a8f8700fc9e9478a3488ffa893aa1f8eb78f0680aed8142
rbi_master_directions,https://www.rbi.org.in/Scripts/BS_ViewMasterDirections.aspx,https://rbidocs.rbi.org.in/rdocs/notification/PDFs/135MD89B55F672F36443FA02C0C53DC207FFF.PDF,DOWNLOADED,200,rbi_49359a783c04.pdf,/content/drive/MyDrive/ReguLens/data/raw/rbi/pdfs/rbi_49359a783c04.pdf,307849,11536ce2e75ee0dc55e27a18ca8c11b505efacce3c2d4d0f6413dd8d764b17c4
rbi_master_directions,https://www.rbi.org.in/Scripts/BS_ViewMasterDirections.aspx,https://rbidocs.rbi.org.in/rdocs/notification/PDFs/137MDEF04E0A142F948C58A9503C136E565AF.PDF,DOWNLOADED,200,rbi_1fbe5d3700a1.pdf,/content/drive/MyDrive/ReguLens/data/raw/rbi/pdfs/rbi_1fbe5d3700a1.pdf,432305,134a69680d0f919023a940abfc3fdf6ead901281de86b0d757220c92ebf778cf
rbi_master_directions,https://www.rbi.org.in/Scripts/BS_ViewMasterDirections.aspx,https://rbidocs.rbi.org.in/rdocs/notification/PDFs/13MDRD77DCF42C4E64B6C9A83C24EF5D4E188.PDF,DOWNLOADED,200,rbi_f02fa7dd09a1.pdf,/content/drive/MyDrive/ReguLens/data/raw/rbi/pdfs/rbi_f02fa7dd09a1.pdf,1475472,dec5ea0c93a9050ae369549f26c6dba9ae9a0e6b08cfa3ca950ca5dfeb25f60b
rbi_master_directions,https://www.rbi.org.in/Scripts/BS_ViewMasterDirections.aspx,https://rbidocs.rbi.org.in/rdocs/notification/PDFs/141MD7D7F25DEBF1F48449E20D685E4B014E5.PDF,DOWNLOADED,200,rbi_026468aa5a50.pdf,/content/drive/MyDrive/ReguLens/data/raw/rbi/pdfs/rbi_026468aa5a50.pdf,439103,4463e369582b44f20b9bc3c45e39ed4695174f3c8119168184480e39ef816fd7
rbi_master_directions,https://www.rbi.org.in/Scripts/BS_ViewMasterDirections.aspx,https://rbidocs.rbi.org.in/rdocs/notification/PDFs/142MD1111202598527CBD7B6D4BFC9792D568AD07F27D.PDF,DOWNLOADED,200,rbi_0a21391a767b.pdf,/content/drive/MyDrive/ReguLens/data/raw/rbi/pdfs/rbi_0a21391a767b.pdf,193429,f7f226867bb283ca0ae0cc20a74887f4d43d85cf9766dd946b3d774696b86efb
rbi_master_directions,https://www.rbi.org.in/Scripts/BS_ViewMasterDirections.aspx,https://rbidocs.rbi.org.in/rdocs/notification/PDFs/143MD.PDF,DOWNLOADED,200,rbi_1d8f74187225.pdf,/content/drive/MyDrive/ReguLens/data/raw/rbi/pdfs/rbi_1d8f74187225.pdf,572205,0909eadd6892d99a1e4ec7a20535d5163818bef634ef579344156634139b27d0
rbi_master_directions,https://www.rbi.org.in/Scripts/BS_ViewMasterDirections.aspx,https://rbidocs.rbi.org.in/rdocs/notification/PDFs/144MD.PDF,DOWNLOADED,200,rbi_6e9017105043.pdf,/content/drive/MyDrive/ReguLens/data/raw/rbi/pdfs/rbi_6e9017105043.pdf,308365,fa3574764e065272dfc5ef639eb94608abb016accd9a0968562bf74a63d9fc9f
rbi_master_directions,https://www.rbi.org.in/Scripts/BS_ViewMasterDirections.aspx,https://rbidocs.rbi.org.in/rdocs/notification/PDFs/145MD.PDF,DOWNLOADED,200,rbi_09d5ffb6b516.pdf,/content/drive/MyDrive/ReguLens/data/raw/rbi/pdfs/rbi_09d5ffb6b516.pdf,386459,9bd2eff6b09f45ccaa55ab3812e0f12a93260e2e59f91e9a9c451391969b53c0
rbi_master_directions,https://www.rbi.org.in/Scripts/BS_ViewMasterDirections.aspx,https://rbidocs.rbi.org.in/rdocs/notification/PDFs/146MD.PDF,DOWNLOADED,200,rbi_f27f63f15941.pdf,/content/drive/MyDrive/ReguLens/data/raw/rbi/pdfs/rbi_f27f63f15941.pdf,312998,a4242b7f5c3de494e7ffaf43f1e29d9d8b8b199d8863f7fa2932f6d2df91b93b
rbi_master_directions,https://www.rbi.org.in/Scripts/BS_ViewMasterDirections.aspx,https://rbidocs.rbi.org.in/rdocs/notification/PDFs/147MD.PDF,DOWNLOADED,200,rbi_cd764d805c59.pdf,/content/drive/MyDrive/ReguLens/data/raw/rbi/pdfs/rbi_cd764d805c59.pdf,627541,ce48233fee370def5a75144aba46b3c88a849ed8c44725bf3286154d5f5544e3
rbi_master_directions,https://www.rbi.org.in/Scripts/BS_ViewMasterDirections.aspx,https://rbidocs.rbi.org.in/rdocs/notification/PDFs/148MD.PDF,DOWNLOADED,200,rbi_c591d9d7ca4c.pdf,/content/drive/MyDrive/ReguLens/data/raw/rbi/pdfs/rbi_c591d9d7ca4c.pdf,404439,b72163010837b094ce21fcf2ed16081d69868e7147e6a94cb6bc0f750abd1c3d
rbi_master_directions,https://www.rbi.org.in/Scripts/BS_ViewMasterDirections.aspx,https://rbidocs.rbi.org.in/rdocs/notification/PDFs/149MD.PDF,DOWNLOADED,200,rbi_77b85ad5f8a0.pdf,/content/drive/MyDrive/ReguLens/data/raw/rbi/pdfs/rbi_77b85ad5f8a0.pdf,667658,3a17083031978b28aefa7ef4993f5eec8a85dc2da9967d9199c3ec5a07f20fa7
rbi_master_directions,https://www.rbi.org.in/Scripts/BS_ViewMasterDirections.aspx,https://rbidocs.rbi.org.in/rdocs/notification/PDFs/14MDM1120153F2FD5CC455640E78D139304BC7C080F.PDF,DOWNLOADED,200,rbi_bf445077903d.pdf,/content/drive/MyDrive/ReguLens/data/raw/rbi/pdfs/rbi_bf445077903d.pdf,242849,f0e251f38d55d0304cc687e3aa269a3759d7dcb2ede430044c062ab7c0a6aeca
