version,clause_id,page,provision_id,section_level,content_mode,clause_text,char_length,word_count
PSL_2025,PSL_2025_0001,4,1.1,1,MAIN,"1.1 These Directions shall be called the Reserve Bank of India (Priority Sector Lending – Targets and Classification) Directions, 2025.",135,20
PSL_2025,PSL_2025_0002,4,1.2,1,MAIN,"1.2 These Directions shall come into effect on April 01, 2025, and shall supersede the earlier Directions on the subject, namely, the Reserve Bank of India (Priority Sector Lending – Targets and Classification) Directions, 2020 (Ref. FIDD.CO. Plan.BC.5/04.09.01/2020-21) dated September 04, 2020 (updated from time to time).",324,47
PSL_2025,PSL_2025_0003,4,2.,1,MAIN,"2. Applicability The provisions of these Directions shall, unless otherwise provided, apply to every Commercial Bank [including Regional Rural Bank (RRB), Small Finance Bank (SFB), Local Area Bank (LAB)] and Primary (Urban) Co-operative Bank (UCB) other than Salary Earners’ Bank.",280,40
PSL_2025,PSL_2025_0004,4,3.,1,MAIN,"3. Purpose These Directions are issued with a view to delineating a framework for ensuring adequate flow of credit from the banking system to the sectors of the economy which are crucial for their contribution to socio-economic development, with focus on specific segments whose credit needs remain underserved despite being credit worthy.",339,52
PSL_2025,PSL_2025_0005,4,4.1,1,MAIN,"4.1 In these Directions, unless the context otherwise requires, the terms herein shall bear the meanings assigned to them below: Master Directions - Priority Sector Lending – Targets and Classification - 2025 2 (i) Allied activities i.e. activities allied to agriculture shall include dairy, fisheries, animal husbandry, poultry, bee-keeping, sericulture and similar activities. (ii) Non-Corporate Farmers (NCF) shall include individual farmers including Small and Marginal Farmers1 (SMFs), proprietorship firms of farmers directly engaged in agriculture and allied activities, and Self-Help Groups (SHGs) or Joint Liability Groups (JLGs) i.e., group of individual farmers, provided banks maintain disaggregated data of such loans. (iii) “On-lending” means loans sanctioned by banks to eligible intermediaries for onward lending. Such loans, extended for creation of priority sector assets and which remain deployed in such assets, will be eligible for classification under PSL.",978,136
PSL_2025,PSL_2025_0006,5,4.2,1,MAIN,"4.2 All other expressions, unless defined herein, shall have the same meaning as has been assigned to them under the Banking Regulation Act, 1949 or the Reserve Bank of India Act, 1934 or any statutory modification or re-enactment thereto or as used in commercial parlance, as the case may be.",293,50
PSL_2025,PSL_2025_0007,5,4.3,1,MAIN,"4.3 All loans categorised as Priority Sector Lending (PSL) under the erstwhile Master Directions on PSL dated September 04, 2020 (updated as on June 21, 2024) shall continue to be eligible for such categorisation under these Directions till maturity. CHAPTER – II CATEGORIES AND TARGETS UNDER PRIORITY SECTOR",308,48
PSL_2025,PSL_2025_0008,5,5.,1,MAIN,"5. Categories under Priority Sector The categories under priority sector are as follows: i. Agriculture ii. Micro, Small and Medium Enterprises iii. Export Credit iv. Education 1 As defined in para 9.4 of this MD Master Directions - Priority Sector Lending – Targets and Classification - 2025 3 v. Housing vi. Social Infrastructure vii. Renewable Energy viii. Others The details of eligible activities under the above categories are specified in Chapter III.",458,72
PSL_2025,PSL_2025_0009,6,6.,1,MAIN,6. Computation of Adjusted Net Bank Credit (ANBC),49,8
PSL_2025,PSL_2025_0010,6,6.1,1,MAIN,"6.1 For the purpose of priority sector lending, ANBC shall be computed as follows: Bank Credit in India [as prescribed in item No.VI of Form `A’ under Section 42(2) of the RBI Act, 1934] I Bills rediscounted with RBI and other approved Financial Institutions II Net Bank Credit (NBC)* III(I-II) Outstanding Deposits under RIDF and other eligible funds with NABARD, NHB, SIDBI and MUDRA Ltd in lieu of non-achievement of priority sector lending targets/sub-targets + outstanding PSLCs IV Eligible amount for exemptions on issuance of long-term bonds for infrastructure and affordable housing as per [Reserve Bank of India (Resource Raising Norms) Directions, 2025 as applicable to Commercial Banks and Small Finance Banks]2 V [Advances extended in India out of the fresh FCNR (B) / NRE deposits (including deposits that are renewed upon maturity), qualifying for exemption from Cash Reserve Ratio (CRR) and Statutory Liquidity Ratio (SLR) requirements, as per the Reserve Bank of India (Cash Reserve Ratio and Statutory Liquidity Ratio) Fourth Amendment Directions dated August 25, 2026, as applicable to various banks. Note: The amount to be excluded from ANBC for computation of priority sector targets shall not exceed the outstanding FCNR (B) / NRE deposits eligible for exemption from maintenance of CRR / SLR in terms of the above Amendment Directions.]3 44 VI Investments made by public sector banks in the Recapitalization Bonds floated by Government of India VII Other investments eligible to be treated as priority sector (e.g. investments in securitisation notes) VIII Bonds/debentures in Non-SLR categories under HTM category IX For UCBs: Investments made after August 30, 2007 in permitted non SLR bonds held under ‘Held to Maturity’ (HTM) category X ANBC (Other than UCBs) III + IV- (V+VI+VII) +VIII + IX ANBC for UCBs III + IV - VI + X 2 Substituted vide Reserve Bank of India (Priority Sector Lending – Targets and Classification) (Amendment) Directions, 2026 dated January 19, 2026 3 Deleted vide Reserve Bank of India (Priority Sector Lending – Targets and Classification) Second Amendment Directions, 2026 dated August 07, 2026 44 Modified vide Reserve Bank of India (Priority Sector Lending – Targets and Classification) Second Amendment Directions, 2026 dated August 07, 2026 and Reserve Bank of India (Priority Sector Lending – Targets and Classification) Third Amendment Directions, 2026 dated September 11, 2026 Master Directions - Priority Sector Lending – Targets and Classification - 2025 4 * For the purpose of priority sector computation only. Banks shall not deduct / net any amount like provisions, accrued interest, etc. from NBC.",2661,418
PSL_2025,PSL_2025_0011,7,6.2,1,MAIN,"6.2 For the purpose of calculation of Credit Equivalent of Off-Balance Sheet Exposures (CEOBSE), banks shall be guided by the [Reserve Bank of India (Commercial Banks - Concentration Risk Management) Directions, 2025, and Reserve Bank of India (Prudential Norms on Capital Adequacy) Directions, 2025, as applicable to Small Finance Banks, Urban Co-operative Banks and Regional Rural Banks. In the case of Local Area Banks, for the purpose of calculation of credit risk exposure attached to off-balance sheet items, banks may refer to Reserve Bank of India (Local Area Banks – Prudential Norms on Capital Adequacy) Directions, 2025]4",632,97
PSL_2025,PSL_2025_0012,7,6.3,1,MAIN,"6.3 SFBs shall be further guided [by the following pertaining]5 to treatment of grandfathered loans, for computation of ANBC: a. [The provisions in Paragraph C.10.33 of Reserve Bank of India (Small Finance Banks – Licensing) Guidelines, 2025 will apply to cases where an existing NBFC/MFI sets up a SFB and transfers its business to the SFB, apart from conversion cases.. b. The lending banks will be permitted to avail the PSL classification for the loans made to such NBFCs, as long as the assets financed out of such loans are PSL eligible assets. This dispensation to the lending banks would be extended only up to the extent of actual outstanding balance supported by existing underlying assets as on the opening balance sheet of the SFB, and only till repayment of underlying loans. c. The assets financed out of the above loans from the banks would not be reckoned for the ANBC for priority sector calculation for the SFB, to the extent the lending bank enjoys PSL status on such grandfathered loans. d. Any fresh assets created out of such outstanding grandfathered lending or any fresh assets created by the SFB post commencement of operations, in general, would be reckoned in the ANBC of the SFBs and the PSL norms as applicable to SFBs would kick in. 4 Substituted vide Reserve Bank of India (Priority Sector Lending – Targets and Classification) (Amendment) Directions, 2026 dated January 19, 2026 Master Directions - Priority Sector Lending – Targets and Classification - 2025 5 e. The above treatment would be applicable for grandfathered borrowings in the cases of converting entities as well. f. The first audited balance sheet as on March 31st post commencement of operations of the SFB would form the basis for the first PSL target for the SFB (for the subsequent year).]5",1791,301
PSL_2025,PSL_2025_0013,8,6.4,1,MAIN,"6.4 While calculating Net Bank Credit as above, if banks subtract prudential write off at Corporate/Head Office level, it shall be ensured that the credit to priority sector and all sub-sectors so written off shall also be subtracted category wise from priority sector target and sub-target achievement. Investments or any other items which are treated as eligible for classification under priority sector target/sub-target achievement, shall also form part of Adjusted Net Bank Credit.",486,73
PSL_2025,PSL_2025_0014,8,6.5,1,MAIN,"6.5 All banks shall adhere to the respective licencing and operating guidelines issued by the Department of Regulation, RBI as updated from time to time.",153,25
PSL_2025,PSL_2025_0015,8,7.,1,MAIN,7. Targets/Sub-targets for Priority sector,42,5
PSL_2025,PSL_2025_0016,8,7.1,1,MAIN,"7.1 The targets and sub-targets set under priority sector lending, to be computed on the basis of the ANBC/CEOBSE6 as applicable as on the corresponding date of the preceding year, are as below: 5 Substituted vide Reserve Bank of India (Priority Sector Lending – Targets and Classification) (Amendment) Directions, 2026 dated January 19, 2026 6 (i) Contingent liabilities/off-balance sheet items do not form part of priority sector achievement. However, foreign banks with less than 20 branches have an option to reckon the CEOBSE extended to borrowers for eligible priority sector activities for achievement of priority sector target, subject to the condition that the CEOBSE (both priority sector and non-priority sector excluding interbank exposure) shall be added to the ANBC in the denominator for computation of PSL targets. (ii) Off-balance sheet interbank exposures are excluded for computing CEOBSE for the priority sector targets. Master Directions - Priority Sector Lending – Targets and Classification - 2025 6 Categories Targets/ Sub-targets Domestic Commercial Banks (excl. RRBs & SFBs) & Foreign Banks with 20 branches and above Foreign Banks with less than 20 branches Regional Rural Banks Small Finance Banks Total Priority Sector 40 per cent of ANBC as computed in para 6 above or CEOBSE, whichever is higher. 40 per cent of ANBC as computed in para 6 above or CEOBSE, whichever is higher; out of which up to 32% can be in the form of Export Credit and not less than 8% can be to any other priority sector. 75 per cent of ANBC as computed in para 6 above or CEOBSE, whichever is higher. However, lending to Medium Enterprises, Social Infrastructure and Renewable Energy shall be reckoned for priority sector achievement up to 15 per cent of ANBC only. [60]7 per cent of ANBC as computed in para 6 above or CEOBSE, whichever is higher. Agriculture 18 per cent of ANBC or CEOBSE, whichever is higher. Within this target, 14 percent is prescribed for Non-Corporate Farmers (NCFs), out of which a target of 10 percent is prescribed for SMFs. Not applicable 18 per cent ANBC or CEOBSE, whichever is higher. Within this target, 14 percent is prescribed for NCFs, out of which a target of 10 percent is prescribed for SMFs. 18 per cent of ANBC or CEOBSE, whichever is higher. Within this target, 14 percent is prescribed for NCFs, out of which a target of 10 percent is prescribed for SMFs. Micro Enterprises",2419,403
PSL_2025,PSL_2025_0017,9,7.5,1,MAIN,"7.5 per cent of ANBC or CEOBSE, whichever is higher Not applicable",66,12
PSL_2025,PSL_2025_0018,9,7.5,1,MAIN,"7.5 per cent of ANBC or CEOBSE, whichever is higher",51,10
PSL_2025,PSL_2025_0019,9,7.5,1,MAIN,"7.5 per cent of ANBC or CEOBSE, whichever is higher Advances to Weaker Sections 12 percent of ANBC or CEOBSE, whichever is higher Not applicable 15 per cent of ANBC or CEOBSE, whichever is higher 12 percent of ANBC or CEOBSE, whichever is higher 7 Substituted vide Reserve Bank of India (Priority Sector Lending – Targets and Classification) (Amendment) Directions, 2026 dated January 19, 2026 Master Directions - Priority Sector Lending – Targets and Classification - 2025 7",475,78
PSL_2025,PSL_2025_0020,10,7.2,1,MAIN,"7.2 The priority sector lending targets for UCBs shall be as follows: Categories Targets as a percentage of ANBC or CEOBSE, whichever is higher Total Priority Sector 60% Micro Enterprises 7.5% Advances to Weaker Sections 12%",224,36
PSL_2025,PSL_2025_0021,10,8.,1,MAIN,8. Adjustments for weights in PSL Achievement,45,7
PSL_2025,PSL_2025_0022,10,8.1,1,MAIN,"8.1 To address regional disparities in the flow of priority sector credit at the district level, it was decided to rank districts on the basis of per capita credit flow to priority sector and build an incentive framework for districts with comparatively lower flow of credit and a dis-incentive framework for districts with comparatively higher flow of priority sector credit. With effect from FY 2024-25, a higher weight (125%) shall be assigned to the incremental priority sector credit in the identified districts where the credit flow is comparatively lower (per capita PSL less than ₹9,000), and a lower weight (90%) will be assigned for incremental priority sector credit in the identified districts where the credit flow is comparatively higher (per capita PSL greater than ₹42,000). The list of both categories of districts is given in Annexes IA and IB and will be valid up to FY 2026-27, subject to a review thereafter. The districts other than those mentioned in Annexes IA and IB will continue to have normal weightage of 100%.",1039,171
PSL_2025,PSL_2025_0023,10,8.2,1,MAIN,"8.2 The banks shall continue to report the actual outstanding amount in Quarterly Priority Sector Advances (QPSA) returns as hitherto. Adjustments for weights to incremental PSL credit will be done by RBI, based on reporting of district wise credit flow to FIDD, CO through the ADEPT database. RRBs, UCBs, LABs and foreign banks (including Wholly Owned Subsidiaries) would be exempted from adjustments of weights in PSL achievement due to their currently limited area of operation/catering to a niche segment. CHAPTER – III DESCRIPTION OF ELIGIBLE CATEGORIES UNDER PRIORITY SECTOR",580,89
PSL_2025,PSL_2025_0024,10,9.,1,MAIN,"9. Agriculture The lending to agriculture sector will include Farm Credit (Agriculture and Allied Master Directions - Priority Sector Lending – Targets and Classification - 2025 8 Activities), lending for Agriculture Infrastructure and Ancillary Activities.",257,35
PSL_2025,PSL_2025_0025,11,9.1,1,MAIN,"9.1 Farm Credit A. Farm Credit - Individual farmers This category comprises of loans to individual farmers [including Self Help Groups (SHGs) or Joint Liability Groups (JLGs) i.e., groups of individual farmers, provided banks maintain disaggregated data of such loans] and proprietorship firms of farmers, directly engaged in agriculture and allied activities. Such loans will include: i. Crop loans including loans for traditional/non-traditional plantations, horticulture and allied activities ii. Medium and long-term loans for agriculture and allied activities (e.g. purchase of agricultural implements and machinery and developmental loans for allied activities) iii. Loans for pre and post-harvest activities viz., spraying, harvesting, grading and transporting of own farm produce iv. Loans to distressed farmers indebted to non-institutional lenders v. Loans under the Kisan Credit Card Scheme vi. Loans to small and marginal farmers (SMFs) for purchase of land for agricultural purposes vii. Loans against pledge/hypothecation of agricultural produce (including warehouse receipts) for a period not exceeding 12 months subject to a limit up to ₹90 lakh against Negotiable Warehouse Receipt (NWRs)/Electronic Negotiable Warehouse Receipt (eNWRs) and up to ₹60 lakh against warehouse receipts other than NWRs/eNWRs viii. Loans to farmers for installation of stand-alone solar agriculture pumps and for solarisation of grid connected agriculture pumps ix. Loans to farmers for installation of solar power plants on barren/fallow land or in stilt fashion on agriculture land owned by farmer Master Directions - Priority Sector Lending – Targets and Classification - 2025 9 B. Farm Credit - Corporate farmers, Farmer Producer Organisations/ Companies (FPOs)/(FPCs) of Individual Farmers, Partnership firms and Co-operatives of farmers engaged in Agriculture and Allied Activities (a) Loans for the following activities, subject to an aggregate limit of ₹4 crore per borrowing entity, will be eligible: (i) Crop loans to farmers which will include traditional/non-traditional plantations and horticulture and loans for allied activities (ii) Medium and long-term loans for agriculture and allied activities (e.g., purchase of agricultural implements, technological solutions, machinery and developmental loans for allied activities) (iii) Loans for pre and post-harvest activities viz., spraying, harvesting, grading and transporting of their own farm produce (b) Loans up to ₹4 crore against pledge/hypothecation of agricultural produce (including warehouse receipts) for a period not exceeding 12 months against NWRs/eNWRs and up to ₹2.5 crore against warehouse receipts other than NWRs/eNWRs (c) Loans up to ₹10 crore per borrowing entity to FPOs/FPCs undertaking farming with assured marketing of their produce at a pre-determined price (d) Loans up to ₹10 crore for purchase of the produce of members directly engaged in agriculture and allied activities Note: UCBs are not permitted to lend to co-operatives of farmers.",3028,433
PSL_2025,PSL_2025_0026,12,9.2,1,MAIN,9.2 Agriculture Infrastructure Loans for agriculture infrastructure will be subject to an aggregate sanctioned limit of ₹100 crore per borrower from the banking system. List of activities is furnished in Annex II (Item I).,222,34
PSL_2025,PSL_2025_0027,12,9.3,1,MAIN,9.3 Ancillary Services The following shall be eligible to be classified in this category: i. Loans specified in Annex II (Item 2) Master Directions - Priority Sector Lending – Targets and Classification - 2025 10 ii. Loans up to ₹50 crore to Start-ups8 that are engaged in agriculture and allied services iii. Loans for Food and Agro-processing up to an aggregate sanctioned limit of ₹100 crore per borrower from the banking system (eligible activities as given in Annex III) iv. [********]9 v. Outstanding deposits under RIDF and other eligible funds with NABARD on account of priority sector shortfall,603,98
PSL_2025,PSL_2025_0028,13,9.4,1,MAIN,"9.4 Eligibility criteria for categorization as lending to Small and Marginal Farmers (SMFs) For the purpose of computation of achievement of the sub-target, SMFs will include the following: i. Farmers with landholding of up to 1 hectare (Marginal Farmers) ii. Farmers with a landholding of more than 1 hectare and up to 2 hectares (Small Farmers) iii. Landless agricultural labourers, tenant farmers, oral lessees and share- croppers whose share of landholding is within the limits prescribed for SMFs iv. Self Help Groups (SHGs) or Joint Liability Groups (JLGs), i.e., groups of individual SMFs directly engaged in agriculture and allied activities, provided banks maintain disaggregated data of such loans v. Loans up to ₹2.5 lakh to individuals solely engaged in allied activities without any accompanying land holding criteria vi. Loans to FPOs/FPCs of individual farmers and co-operatives of farmers directly engaged in agriculture and allied activities where the land-holding share of SMFs is not less than 75 per cent, subject to loan limits prescribed in para 9.1 (B) 8 As defined by Ministry of Commerce and Industry, Govt. of India 9 Deleted vide Reserve Bank of India (Priority Sector Lending – Targets and Classification) (Amendment) Directions, 2026 dated January 19, 2026 Master Directions - Priority Sector Lending – Targets and Classification - 2025 11 Note: UCBs are not permitted to lend to co-operatives of farmers.",1434,224
PSL_2025,PSL_2025_0029,14,9.5,1,MAIN,"9.5 Lending by banks to NBFCs and MFIs for on-lending in agriculture (i) Bank credit extended to registered NBFC-MFIs and other MFIs (Societies, Trusts etc.) which are members of RBI recognised SRO for the sector, for on- lending to individuals and also to members of SHGs/JLGs will be eligible for categorisation as priority sector advance under respective categories of agriculture subject to conditions specified in para 22. (ii) Bank credit to registered NBFCs (other than MFIs) towards on-lending for ‘term lending’ component under agriculture will be eligible for PSL classification up to ₹10 lakh per borrower subject to conditions specified in para 23 and 25. Note: The provisions of para 9.5 shall not be applicable to RRBs, UCBs, SFBs and LABs.",754,121
PSL_2025,PSL_2025_0030,14,10.,1,MAIN,"10. Micro, Small and Medium Enterprises (MSMEs) (i) The definition of MSMEs shall be as given in the FIDD.MSME & NFS.12/06.02.31/2017-18 dated July 24, 2017 as updated from time to time. (ii) All bank loans to MSMEs shall qualify for classification under priority sector lending. (iii) Loans up to ₹50 crore to Start-ups10, that conform to the definition of MSME, shall also be eligible to be classified under this category.",424,70
PSL_2025,PSL_2025_0031,14,10.1,1,MAIN,"10.1 Factoring Transactions (i) ‘With recourse’ factoring transactions by banks which carry out the business of factoring departmentally wherever the ‘assignor’ is a Micro, Small or Medium Enterprise would be eligible for classification under MSME category on the reporting dates. (ii) Factoring transactions pertaining to MSMEs taking place through the Trade Receivables Discounting System (TReDS) shall also be eligible for classification under priority sector. 10 As defined by Ministry of Commerce and Industry, Govt. of India Master Directions - Priority Sector Lending – Targets and Classification - 2025 12 Note: The provisions of para 10.1 are not applicable to RRBs and UCBs",683,102
PSL_2025,PSL_2025_0032,15,10.2,1,MAIN,"10.2 Other Loans eligible to be classified under PSL in the MSME category These include: (i) All loans to units in the Khadi and Village Industries sector, which shall be categorised as lending to micro enterprises. (ii) Loans to entities involved in assisting the decentralized sector in the supply of inputs and marketing of output of artisans, village and cottage industries. (iii) Loans to co-operatives of producers in the decentralized sector viz., artisans, village and cottage industries (not applicable to UCBs). (iv) [******]11 (v) Loans by banks to NBFC-MFIs and other MFIs (Societies, Trusts, etc.) which are members of RBI recognised SRO for the sector, for on-lending to the MSME sector, borrowers being individuals and members of SHGs/ JLGs as per the conditions specified in paragraph 22 of these Master Directions (not applicable to RRBs, SFBs and UCBs) (vi) Loans to registered NBFCs (other than MFIs) for on-lending to micro and small enterprises up to Rs.20 lakh per borrower as per conditions specified in para 23 of these Master Directions (not applicable to RRBs, SFBs and UCBs) (vii) Overdraft to Pradhan Mantri Jan-Dhan Yojana (PMJDY) account holders as per limits and conditions prescribed by Department of Financial Services, Ministry of Finance from time to time, which shall be categorised as lending to Micro Enterprises. (viii) Outstanding deposits with SIDBI and MUDRA Ltd. on account of priority sector shortfall.",1446,228
PSL_2025,PSL_2025_0033,15,11.,1,MAIN,"11. Export Credit (i) Export credit includes pre-shipment and post-shipment export credit (excluding off-balance sheet items) as defined in [Reserve Bank of India 11 Deleted vide Reserve Bank of India (Priority Sector Lending – Targets and Classification) (Amendment) Directions, 2026 dated January 19, 2026 Master Directions - Priority Sector Lending – Targets and Classification - 2025 13 (Credit Facilities) Directions, 2025, as applicable to Commercial Banks, Small Finance Banks and Urban Co-operative Banks.]12 (ii) Export credit to agriculture and MSMEs shall be eligible for classification as PSL in the respective categories [and subject to the aggregate limits mentioned therein.]13 (iii) Export Credit (other than that classified under agriculture and MSME) shall be eligible for classification as priority sector lending as per the following table: Domestic banks/WoS of Foreign banks/SFBs/UCBs Foreign banks with 20 branches and above Foreign banks with less than 20 branches Incremental export credit over corresponding date of the preceding year, up to 2 per cent of ANBC or CEOBSE whichever is higher, subject to a sanctioned limit of up to ₹ 50 crore per borrower. Incremental export credit over corresponding date of the preceding year, up to 2 percent of ANBC or CEOBSE whichever is higher. Export credit up to 32 per cent of ANBC or CEOBSE whichever is higher. Note: The provisions of para 11 are not applicable to RRBs and LABs.",1449,226
PSL_2025,PSL_2025_0034,16,12.,1,MAIN,"12. Education Loans to individuals for educational purposes, including vocational courses, not exceeding ₹25 lakh will be considered as eligible for priority sector classification.",180,24
PSL_2025,PSL_2025_0035,16,13.,1,MAIN,"13. Housing 13.1. Bank loans to Housing sector as per limits prescribed below are eligible for priority sector classification: i. Loans to individuals for purchase/construction of a dwelling unit per family subject to the following limits: (Amount in ₹ lakh) Category Loan Limit# Maximum Cost of Dwelling Unit# Centres with population of 50 lakh and above 50 63 12 Substituted vide Reserve Bank of India (Priority Sector Lending – Targets and Classification) (Amendment) Directions, 2026 dated January 19, 2026 13 Inserted vide Reserve Bank of India (Priority Sector Lending – Targets and Classification) (Amendment) Directions, 2026 dated January 19, 2026 Master Directions - Priority Sector Lending – Targets and Classification - 2025 14 Centres with population of 10 lakh and above but below 50 lakh 45 57 Centres with population below 10 lakh 35 44 #to be eligible, the loan to satisfy both the criteria ii. Housing loans to banks’ own employees will not be eligible for classification under the priority sector. iii. Housing loans which are backed by long term bonds shall not be classified under priority sector, as they are exempted from inclusion in ANBC. Investments made by UCBs in bonds issued by NHB/HUDCO on or after April 1, 2007 shall not be eligible for classification under priority sector. 13.2. Loans for repairs to damaged dwelling units shall be eligible for priority sector classification subject to the following limits: (Amount in ₹ lakh) Category Loan Limit# Maximum Cost of Dwelling Unit# Centres with population of 50 lakh and above 15 63 Centres with population of 10 lakh and above but below 50 lakh 12 57 Centres with population below 10 lakh 10 44 #to be eligible, the loan to satisfy both the criteria 13.3. Bank loans to any governmental agency for construction of dwelling units or for slum clearance and rehabilitation of slum dwellers subject to dwelling units with carpet area of not more than 60 sq.m. 13.4. Bank loans for affordable housing projects using at least 50% of FAR/FSI for dwelling units with carpet area of not more than 60 sq.m. 13.5. Outstanding deposits with NHB on account of priority sector shortfall [Note: Banks may refer to the population at the level of ‘Urban Agglomerations’ (U.A.s)/ Towns as given in the Table “A-04” of the Census 2011 for determining adherence to the population-based classifications. For housing loans to properties situated in villages/rural areas (which are not part of the Table A-04 of the Census Master Directions - Priority Sector Lending – Targets and Classification - 2025 15 2011), the loan limits as per “Centres with population below 10 lakh” may be adhered to.]14",2658,436
PSL_2025,PSL_2025_0036,18,14.,1,MAIN,"14. Social Infrastructure Bank loans to social infrastructure sector as per limits prescribed below are eligible for priority sector classification. 14.1. Loans up to a limit of ₹8 crore per borrower for setting up schools, drinking water facilities and sanitation facilities including construction/refurbishment of household toilets and water improvements at household level, etc. 14.2. Loans up to a limit of ₹12 crore per borrower for building health care facilities in Tier II to Tier VI centres. In case of UCBs, the equivalent centres are those [with population of less than 1 lakh.]15 14.3. Loans (other than by RRBs, UCBs and SFBs) to MFIs extended for on- lending to individuals and also to members of SHGs/JLGs for water and sanitation facilities subject to the criteria laid down in paragraph 22 of these Master Directions.",834,133
PSL_2025,PSL_2025_0037,18,15.,1,MAIN,"15. Renewable Energy Bank loans up to a limit of ₹35 crore to borrowers for renewable energy-based power generators and for renewable energy based public utilities, viz., street lighting systems, remote village electrification etc., will be eligible for priority sector classification. For individual households, the loan limit will be ₹10 lakh per borrower.",358,53
PSL_2025,PSL_2025_0038,18,16.,1,MAIN,"16. Others The following loans up to the prescribed limits are eligible for priority sector classification: i. [Microfinance]16 loans provided directly by banks to individuals and individual members of SHGs/JLGs satisfying the criteria as prescribed in [Reserve Bank 14 Inserted vide Reserve Bank of India (Priority Sector Lending – Targets and Classification) (Amendment) Directions, 2026 dated January 19, 2026 15 Substituted vide Reserve Bank of India (Priority Sector Lending – Targets and Classification) (Amendment) Directions, 2026 dated January 19, 2026 16 Inserted vide Reserve Bank of India (Priority Sector Lending – Targets and Classification) (Amendment) Directions, 2026 dated January 19, 2026 Master Directions - Priority Sector Lending – Targets and Classification - 2025 16 of India (Credit Facilities) Directions, 2025, as applicable to Commercial Banks, Small Finance Banks, Regional Rural Banks, Urban Co-operative Banks and Local Area Banks.]17 ii. Loans not exceeding ₹2.00 lakh provided by banks to SHG/JLG for activities other than agriculture or MSME, viz., loans for meeting social needs, construction or repair of house, construction of toilets or any viable common activity started by SHGs iii. Loans to distressed persons [other than distressed farmers indebted to non- institutional lenders] not exceeding ₹1.00 lakh per borrower to prepay their debt to non-institutional lenders iv. Loans sanctioned to State Sponsored Organisations for Scheduled Castes/ Scheduled Tribes for the specific purpose of purchase and supply of inputs and/or the marketing of the outputs of the beneficiaries of these organisations v. Loans up to ₹50 crore to Start-ups18, that are engaged in activities other than agriculture or MSME",1743,257
PSL_2025,PSL_2025_0039,19,17.1,1,MAIN,"17.1 Priority sector loans to the following borrowers will be considered as lending to Weaker Sections (overlapping category): (i) Small and Marginal Farmers (ii) Artisans, village and cottage industries where individual credit limits do not exceed ₹2 lakh (iii) Beneficiaries under Government Sponsored Schemes such as National Rural Livelihood Mission (NRLM), [****]19 and Self Employment Scheme for Rehabilitation of Manual Scavengers (SRMS) (iv) Scheduled Castes and Scheduled Tribes (v) Beneficiaries of Differential Rate of Interest (DRI) scheme (vi) Self Help Groups/Joint Liability Groups (vii) Individuals and individual members of SHGs/JLGs [availing microfinance loans satisfying the criteria as prescribed in Reserve Bank of India (Credit Facilities) 17 Substituted vide Reserve Bank of India (Priority Sector Lending – Targets and Classification) (Amendment) Directions, 2026 dated January 19, 2026 18 As per definition of Ministry of Commerce and Industry, Govt. of India 19 Deleted vide Reserve Bank of India (Priority Sector Lending – Targets and Classification) (Amendment) Directions, 2026 dated January 19, 2026 Master Directions - Priority Sector Lending – Targets and Classification - 2025 17 Directions, 2025, as applicable to Commercial Banks, Small Finance Banks, Regional Rural Banks, Urban Co-operative Banks and Local Area Banks.]20 (viii) Individual women beneficiaries up to ₹2 lakh per borrower (the limit of ‘₹2 lakh per borrower’ is not applicable to UCBs) (ix) Distressed farmers indebted to non-institutional lenders (x) Distressed persons other than farmers, with loan amount not exceeding ₹1 lakh per borrower to prepay their debt to non-institutional lenders (xi) Persons with disabilities (xii) Transgenders (xiii) Minority communities as may be notified by Government of India from time to time.",1834,265
PSL_2025,PSL_2025_0040,20,17.2,1,MAIN,"17.2 Overdraft availed by PMJDY account holders as per limits and conditions prescribed by Department of Financial Services, Ministry of Finance from time to time may be classified under loans to Weaker Sections.",212,33
PSL_2025,PSL_2025_0041,20,17.3,1,MAIN,"17.3 In States, where one of the minority communities notified is, in fact, in majority, item (xiii) will cover only the other notified minorities. These States/Union Territories are Punjab, Meghalaya, Mizoram, Nagaland, Lakshadweep and Jammu & Kashmir. CHAPTER IV MISCELLANEOUS",278,40
PSL_2025,PSL_2025_0042,20,18.,1,MAIN,"18. Investments by banks in Securitisation Notes Investments by banks in ‘Securitisation Notes’, representing loans to various priority sector categories, except 'others' category, are eligible for classification under the respective categories depending on the underlying assets, subject to the following conditions: i. The assets are originated by banks and financial institutions and are eligible to be classified as priority sector advances prior to securitisation and fulfil the [provisions of Reserve Bank of India (Securitisation Transactions) Directions, 2025, as applicable to the various entities.]21 20 Substituted vide Reserve Bank of India (Priority Sector Lending – Targets and Classification) (Amendment) Directions, 2026 dated January 19, 2026 21 Substituted vide Reserve Bank of India (Priority Sector Lending – Targets and Classification) (Amendment) Directions, 2026 dated January 19, 2026 Master Directions - Priority Sector Lending – Targets and Classification - 2025 18 ii. Investment by banks in securitisation notes with loans against gold jewellery originated by NBFCs as underlying, are not eligible for priority sector status. [18A. To ascertain priority sector status of the underlying portfolio, banks may rely on a combination of any external auditors’ certification provided by the originating entity and conduct of sample check by their own staff or by an auditor for the purpose. This may be specified in their internal policy.]22 Note: The provisions of para 18 are not applicable to [SFBs, LABs,]23 RRBs and UCBs",1547,227
PSL_2025,PSL_2025_0043,21,19.,1,MAIN,"19. Transfer of Assets through Direct Assignment/Outright purchase Assignment/outright purchase of pool of assets by banks representing loans under various priority sector categories, except the ‘others’ category, will be eligible for classification under the respective categories, subject to the following conditions: (i) The assets are originated by banks and financial institutions and are eligible to be classified as priority sector advances prior to the purchase and fulfil the [provisions of the Reserve Bank of India (Transfer and Distribution of Credit Risk) Directions, 2025, as applicable to Commercial Banks and Small Finance Banks.]24 (ii) Banks shall report the outstanding amount actually disbursed to priority sector borrowers and not the premium embedded amount paid to the seller. (iii) Loans against gold jewellery acquired by banks from NBFCs are not eligible for priority sector status. Note: The provisions of para 19 are not applicable to [LABs]25, RRBs and UCBs. 22 Inserted vide Reserve Bank of India (Priority Sector Lending – Targets and Classification) (Amendment) Directions, 2026 dated January 19, 2026 23 Inserted vide Reserve Bank of India (Priority Sector Lending – Targets and Classification) (Amendment) Directions, 2026 dated January 19, 2026 24 Substituted vide Reserve Bank of India (Priority Sector Lending – Targets and Classification) (Amendment) Directions, 2026 dated January 19, 2026 25 Inserted vide Reserve Bank of India (Priority Sector Lending – Targets and Classification) (Amendment) Directions, 2026 dated January 19, 2026 Master Directions - Priority Sector Lending – Targets and Classification - 2025 19",1657,243
PSL_2025,PSL_2025_0044,22,20.,1,MAIN,"20. Inter Bank Participation Certificates (IBPCs) (i) IBPCs bought by banks, on a risk sharing basis, are eligible for classification under the respective priority sector categories, provided the underlying assets are eligible to be classified under the respective categories and the banks fulfil [the relevant provisions of the Reserve Bank of India (Transfer and Distribution of Credit Risk) Directions, 2025, as applicable to Commercial Banks and Small Finance Banks.]26 (ii) IBPCs bought by banks on risk sharing basis relating to ‘Export Credit’ as per Para 11, shall be classified from purchasing bank’s perspective for priority sector categorization. However, in such a scenario, the issuing bank shall certify that the underlying asset is ‘Export Credit’, in addition to the due diligence required to be undertaken by the issuing and the purchasing banks as per guidelines in this regard. Note: The provisions of para 20 are not applicable to [LABs, RRBs and]27 UCBs.",975,151
PSL_2025,PSL_2025_0045,22,21.,1,MAIN,21. Priority Sector Lending Certificates (PSLCs) Banks are permitted to purchase/sell PSLCs in terms of Reserve Bank of India guidelines on Priority Sector Lending Certificates [as detailed in Annex IIIA.]28 The net nominal value of the PSLCs issued and purchased will be eligible for classification under the respective priority sector categories provided the underlying assets originated by banks are eligible to be classified as priority sector advances. SFBs [are permitted to purchase PSLCs only for the specific purpose of meeting the PSL sub-targets within the overall PSL target.]29,590,88
PSL_2025,PSL_2025_0046,22,22.,1,MAIN,"22. Bank loans to MFIs (NBFC-MFIs, Societies, Trusts, etc.) for On-Lending 26 Substituted vide Reserve Bank of India (Priority Sector Lending – Targets and Classification) (Amendment) Directions, 2026 dated January 19, 2026 27 Inserted vide Reserve Bank of India (Priority Sector Lending – Targets and Classification) (Amendment) Directions, 2026 dated January 19, 2026 28 Substituted vide Reserve Bank of India (Priority Sector Lending – Targets and Classification) (Amendment) Directions, 2026 dated January 19, 2026 29 Substituted vide Reserve Bank of India (Priority Sector Lending – Targets and Classification) (Amendment) Directions, 2026 dated January 19, 2026 Master Directions - Priority Sector Lending – Targets and Classification - 2025 20 Loans disbursed by banks to MFIs under para 22 (i) and 22 (ii) below are eligible for categorisation as priority sector advances under respective categories viz., Agriculture, MSME, Social Infrastructure and Others, provided the MFIs adhere to the conditions prescribed in [Reserve Bank of India (Non-Banking Financial Companies – Microfinance Institution) Directions, 2025 and banks obtain external auditors’ certificates from MFIs confirming that on-lending benefit in respect of these loans has not been claimed from any other bank]30 (i) Loans by banks other than SFBs to registered NBFC-MFIs and other MFIs (Societies, Trusts, etc.) which are members of RBI recognised Self-Regulatory Organisation (SRO) for the sector, for on-lending to individuals and also to members of SHGs/JLGs (ii) Loans by SFBs to registered NBFC-MFIs and other MFIs (Societies, Trusts, etc.) which are members of RBI recognised SRO of the sector, and which have a ‘gross loan portfolio’ (GLP) of up to ₹500 crore as on March 31 of the previous year, for the purpose of on-lending to individuals31. In case the GLP of the NBFC- MFIs/other MFIs exceeds the stipulated limit at a later date, all priority sector loans created prior to exceeding the GLP limit will continue to be classified by the SFBs as PSL till repayment/maturity, whichever is earlier. Bank credit as above, up to an overall limit of 10% of an individual bank’s total priority sector lending of the previous financial year, is eligible for PSL classification. Banks shall determine adherence to the prescribed cap by averaging the eligible portfolio under on- lending mechanism across four quarters of the current financial year. Note: The provisions of para 22 are not applicable to RRBs, UCBs and LABs.",2502,386
PSL_2025,PSL_2025_0047,23,23.,1,MAIN,"23. Bank loans to NBFCs for On-Lending Bank credit to registered NBFCs (other than MFIs) for on-lending will be eligible for classification as priority sector lending under the respective categories subject to the following conditions: 30 Substituted vide Reserve Bank of India (Priority Sector Lending – Targets and Classification) (Amendment) Directions, 2026 dated January 19, 2026 31 With effect from May 5, 2021 Master Directions - Priority Sector Lending – Targets and Classification - 2025 21 (i) Agriculture: Up to ₹10 lakh per borrower in respect of ‘term lending’ component under Agriculture (ii) Micro & Small enterprises: Up to ₹20 lakh per borrower provided banks maintain disaggregated data of such loans in the portfolio. [(iii) Banks shall obtain external auditors’ certificates from the NBFCs confirming that on-lending benefit in respect of such loans has not been claimed from any other bank.]32 Note: The provisions of para 23 are not applicable to RRBs, UCBs, SFBs and LABs.",995,156
PSL_2025,PSL_2025_0048,24,24.,1,MAIN,"24. Bank loans to HFCs for On-Lending Bank credit to Housing Finance Companies (HFCs), approved by NHB for their refinance, for on-lending for the purpose of purchase/construction/reconstruction of individual dwelling units or for slum clearance and rehabilitation of slum dwellers, [will be eligible for classification as PSL]33 subject to an aggregate loan limit of ₹20 lakh per borrower, under ‘Housing’ category. Banks shall maintain necessary borrower- wise details of the underlying portfolio [and obtain external auditors’ certificates from the HFCs, confirming that on-lending benefit in respect of such loans has not been claimed from any other bank.]34 Note: The provisions of para 24 are not applicable to RRBs, SFBs and LABs. [24A. Bank loans to NCDC for on-lending Bank credit to National Co-operative Development Corporation (NCDC) for on-lending to co-operative societies for purposes and activities as laid down in this Master Direction will be eligible for classification as priority sector lending under the respective categories. This is subject to NCDC furnishing quarterly certificates by a CAG35 32 Inserted vide Reserve Bank of India (Priority Sector Lending – Targets and Classification) (Amendment) Directions, 2026 dated January 19, 2026 33 Inserted vide Reserve Bank of India (Priority Sector Lending – Targets and Classification) (Amendment) Directions, 2026 dated January 19, 2026 34 Inserted vide Reserve Bank of India (Priority Sector Lending – Targets and Classification) (Amendment) Directions, 2026 dated January 19, 2026 35 Comptroller and Auditor General of India Master Directions - Priority Sector Lending – Targets and Classification - 2025 22 empanelled chartered accountant firm, to the lending banks, confirming that the bank credit has been utilized for extending loans to co-operative societies for PSL eligible purposes and that on-lending benefit in respect of such loans has not been claimed from any other bank. Note: (i)The provisions of para 24A are applicable to loans sanctioned by banks to NCDC after January 19, 2026. (ii) The provisions of para 24A are not applicable to RRBs, UCBs, SFBs and LABs.]36",2155,326
PSL_2025,PSL_2025_0049,25,25.,1,MAIN,"25. Cap on On-Lending Bank credit to NBFCs (including HFCs) [and NCDC]37 for on-lending as applicable in para 23, 24 [and 24A]37 above, will be eligible for PSL classification up to an overall limit of 5% of individual bank’s total priority sector lending of the previous financial year. Banks shall determine adherence to the prescribed cap by averaging the eligible portfolio under on-lending mechanism across four quarters of the current financial year. [In case of a newly licensed bank, the cap shall be applicable on an on-going basis during its first year of operations.]37",580,94
PSL_2025,PSL_2025_0050,25,26.,1,MAIN,"26. Co-lending [Banks are permitted to enter into co-lending arrangements for lending to priority sectors as per Reserve Bank of India (Commercial Banks – Transfer and Distribution of Credit Risk) Directions, 2025. Loans extended as per circular FIDD.CO.Plan.BC.No.8/04.09.01/2020-21 dated November 5, 2020 on Co- lending by Banks and NBFCs to Priority Sector and as per circular No. FIDD.CO.Plan.BC.08/04.09.01/2018-19 dated September 21, 2018 on Co- origination of loans by Banks and NBFCs for lending to priority sector, shall continue to be eligible for priority sector classification till repayment/ maturity, whichever is earlier.]38 36 Inserted vide Reserve Bank of India (Priority Sector Lending – Targets and Classification) (Amendment) Directions, 2026 dated January 19, 2026 37 Inserted vide Reserve Bank of India (Priority Sector Lending – Targets and Classification) (Amendment) Directions, 2026 dated January 19, 2026 38 Substituted vide Reserve Bank of India (Priority Sector Lending – Targets and Classification) (Amendment) Directions, 2026 dated January 19, 2026 Master Directions - Priority Sector Lending – Targets and Classification - 2025 23 Note: The provisions of para 26 are not applicable to RRBs, UCBs, SFBs and LABs.",1244,182
PSL_2025,PSL_2025_0051,26,27.,1,MAIN,"27. PSL eligibility for COVID-19 measures Outstanding loans extended under policy measures to mitigate the financial impact of COVID-19, as detailed in Annex-IV, shall be eligible for classification as priority sector lending.",226,32
PSL_2025,PSL_2025_0052,26,28.,1,MAIN,"28. Monitoring of Priority Sector Lending Targets (i) To ensure continuous flow of credit to priority sectors, the compliance of banks will be monitored on a calendar quarter basis. (ii) The data on priority sector advances shall be furnished by banks at [quarterly and annual]39 intervals as per the respective reporting format, within fifteen days and one month, respectively from the end of each quarter and financial year. (iii) In respect of RRBs, the data on priority sector advances, in the above format, shall be furnished to NABARD at quarterly and annual intervals. (iv) UCBs shall be guided by Master Direction – Reserve Bank of India (Filing of Supervisory Returns) Directions – 2024 dated February 27, 2024, as updated from time to time, as regards submission of data on priority sector advances.",809,132
PSL_2025,PSL_2025_0053,26,29.,1,MAIN,"29. Non-achievement of Priority Sector Targets (i) All banks (excluding UCBs under all-inclusive directions) reporting shortfall in priority sector lending vis-à-vis the prescribed target/sub-targets shall be allocated amounts for contribution to the Rural Infrastructure Development Fund (RIDF) and other funds with NABARD/NHB/SIDBI/MUDRA Ltd., as decided by the Reserve Bank from time to time. Further, the terms and conditions of the funds shall be as decided by Reserve Bank of India. (ii) While computing priority sector target achievement, shortfall/excess lending for each quarter will be monitored separately. A simple average of all quarters will 39 Formats updated vide Reserve Bank of India (Priority Sector Lending – Targets and Classification) (Amendment) Directions, 2026 dated January 19, 2026 Master Directions - Priority Sector Lending – Targets and Classification - 2025 24 be arrived at and considered for computation of overall shortfall/excess at the end of the year. The same method will be followed for calculating the achievement of priority sector sub-targets. (Illustration given in Annex-V). (iii) The interest rates payable to banks for their contribution to RIDF and other funds shall be as follows: S. No. Shortfall in overall priority sector lending target Deposit Rates 1 Less than 5 percentage points Bank Rate minus 2 percentage points 2 5 and above, but less than 10 percentage points Bank Rate minus 3 percentage points 3 10 percentage points and above Bank Rate minus 4 percentage points Further, in case of no shortfall in overall PSL target but shortfall in any sub- target, interest rate of Bank Rate minus 2 percentage points will apply. (iv) The mis-classifications in PSL, if any, identified by the Reserve Bank’s Department of Supervision (DoS) (NABARD in respect of RRBs) will be adjusted from the PSL achievement of the relevant year, to which the amount of misclassification pertains, and shortfall will be allocated to various funds in the subsequent years. (v) Non-achievement of priority sector targets and sub-targets will be taken into account while granting regulatory clearances/approvals for various purposes.",2164,330
PSL_2025,PSL_2025_0054,27,30.,1,MAIN,"30. Common guidelines for Priority Sector Loans Banks shall also comply with the following common guidelines for all categories of priority sector advances. (i) Rate of interest: The rates of interest charged on loans shall be in accordance with the [Reserve Bank of India (Interest Rate on Advances) Directions, 2025, as applicable to Commercial Banks, Small Finance Banks, Regional Rural Banks, Local Area Banks and Urban Co-operative Banks.]40 40 Substituted vide Reserve Bank of India (Priority Sector Lending – Targets and Classification) (Amendment) Directions, 2026 dated January 19, 2026 Master Directions - Priority Sector Lending – Targets and Classification - 2025 25 (ii) Service charges: No loan related [charges (including guarantee fees of credit guarantee schemes),]41 and ad hoc service charges/inspection charges shall be levied on priority sector loans up to ₹50,000. In the case of eligible priority sector loans to SHGs/JLGs, this limit will be applicable per member and not to the group as a whole. (iii) Record of Receipt, Sanction/Rejection/Disbursement: Record shall be maintained by the bank of the date of receipt, sanction, disbursement, rejection with reasons thereof, etc. (iv) Acknowledgement of loan applications: Banks shall provide acknowledgement of receipt of applications for priority sector loans. Bank Boards shall prescribe the time limit within which the bank communicates its decision in writing to the applicants. (v) Banks shall ensure that loans categorised as priority sector lending are granted for approved purposes and the end use is monitored, by putting in place proper internal systems and controls. (vi) Each priority sector loan shall be classified only in any one of the eight identified categories specified in para 5 of these Master Directions. ~*~*~*~*~*~*~ 41 Inserted vide Reserve Bank of India (Priority Sector Lending – Targets and Classification) (Amendment) Directions, 2026 dated January 19, 2026",1961,295
